Start Time,Duration,Speaker,Character Count,Word Count
00:00:00.240,1s,George Churchwell,17,3
00:00:01.870,2s,George Churchwell,24,4
00:00:04.080,4s,George Churchwell,61,11
00:00:09.030,10s,George Churchwell,175,31
00:00:19.630,4s,George Churchwell,54,11
00:00:24.300,4s,George Churchwell,67,15
00:00:28.570,12s,George Churchwell,183,35
00:00:40.690,2s,George Churchwell,37,8
00:00:43.370,7s,George Churchwell,129,21
00:00:50.980,4s,George Churchwell,66,13
00:00:55.210,3s,George Churchwell,57,12
00:00:59.440,5s,George Churchwell,83,20
00:01:04.989,5s,George Churchwell,72,12
00:01:09.900,2s,George Churchwell,26,6
00:01:11.930,9s,George Churchwell,90,21
00:01:21.280,10s,George Churchwell,156,30
00:01:31.970,10s,George Churchwell,143,26
00:01:42.440,3s,George Churchwell,39,6
00:01:47.320,3s,George Churchwell,32,5
00:01:50.500,9s,George Churchwell,142,31
00:02:00.970,4s,George Churchwell,58,11
00:02:04.530,3s,George Churchwell,43,9
00:02:07.970,11s,David Mantica--Co-host!!!,182,33
00:02:19.270,4s,George Churchwell,60,12
00:02:24.070,9s,George Churchwell,110,23
00:02:33.490,14s,George Churchwell,214,44
00:02:47.450,1s,George Churchwell,15,4
00:02:50.220,1s,David Mantica--Co-host!!!,7,2
00:02:51.470,6s,George Churchwell,86,16
00:02:57.170,0s,David Mantica--Co-host!!!,4,1
00:02:57.800,2s,George Churchwell,19,5
00:02:59.690,3s,George Churchwell,36,8
00:03:02.680,5s,George Churchwell,46,9
00:03:08.500,10s,George Churchwell,98,21
00:03:18.640,4s,George Churchwell,58,14
00:03:23.710,4s,George Churchwell,64,12
00:03:27.550,10s,George Churchwell,139,25
00:03:38.390,1s,George Churchwell,2,1
00:03:40.050,2s,George Churchwell,30,7
00:03:42.510,8s,George Churchwell,137,30
00:03:50.690,4s,George Churchwell,70,16
00:03:55.060,4s,George Churchwell,76,15
00:04:00.010,1s,George Churchwell,8,2
00:04:02.590,5s,George Churchwell,75,16
00:04:07.550,3s,George Churchwell,49,11
00:04:10.980,4s,George Churchwell,49,11
00:04:15.050,10s,George Churchwell,152,30
00:04:25.470,5s,George Churchwell,71,16
00:04:30.890,8s,George Churchwell,130,29
00:04:39.570,12s,George Churchwell,213,45
00:04:51.940,5s,David Mantica--Co-host!!!,89,18
00:04:56.960,7s,George Churchwell,128,24
00:05:04.050,7s,George Churchwell,108,20
00:05:11.450,5s,George Churchwell,76,15
00:05:16.080,2s,George Churchwell,30,4
00:05:18.760,5s,George Churchwell,67,13
00:05:25.230,10s,George Churchwell,142,26
00:05:35.460,9s,George Churchwell,88,16
00:05:44.860,15s,George Churchwell,194,39
00:06:00.050,7s,George Churchwell,79,17
00:06:07.740,11s,George Churchwell,161,32
00:06:19.230,2s,George Churchwell,32,6
00:06:22.100,2s,George Churchwell,17,3
00:06:24.060,1s,George Churchwell,21,4
00:06:28.580,2s,George Churchwell,42,8
00:06:30.790,6s,David Mantica--Co-host!!!,90,17
00:06:37.000,4s,David Mantica--Co-host!!!,84,19
00:06:41.900,6s,George Churchwell,92,19
00:06:48.250,20s,George Churchwell,334,68
00:07:09.030,11s,George Churchwell,155,25
00:07:20.920,13s,George Churchwell,176,36
00:07:33.300,4s,George Churchwell,40,9
00:07:37.370,2s,George Churchwell,32,5
00:07:40.340,6s,George Churchwell,108,20
00:07:46.500,16s,George Churchwell,250,51
00:08:02.720,12s,George Churchwell,159,31
00:08:14.920,13s,George Churchwell,173,33
00:08:28.270,2s,George Churchwell,7,2
00:08:30.370,3s,George Churchwell,35,8
00:08:34.110,4s,George Churchwell,73,14
00:08:38.350,2s,George Churchwell,29,6
00:08:40.940,16s,George Churchwell,214,40
00:08:56.720,3s,George Churchwell,45,9
00:09:00.150,1s,George Churchwell,5,1
00:09:01.580,1s,George Churchwell,5,1
00:09:03.710,6s,George Churchwell,79,15
00:09:09.900,17s,George Churchwell,269,55
00:09:26.760,3s,George Churchwell,31,6
00:09:29.410,2s,George Churchwell,8,2
00:09:31.410,1s,George Churchwell,2,1
00:09:32.670,3s,George Churchwell,32,7
00:09:35.790,4s,George Churchwell,67,14
00:09:39.910,3s,George Churchwell,43,10
00:09:43.330,6s,George Churchwell,84,17
00:09:49.540,6s,George Churchwell,83,17
00:09:56.530,8s,George Churchwell,127,24
00:10:04.240,4s,George Churchwell,71,12
00:10:08.690,2s,George Churchwell,16,3
00:10:11.390,3s,George Churchwell,35,6
00:10:15.400,2s,George Churchwell,36,6
00:10:18.240,3s,George Churchwell,56,12
00:10:22.420,8s,George Churchwell,110,22
00:10:31.390,2s,George Churchwell,9,3
00:10:33.830,4s,George Churchwell,24,4
00:10:38.450,4s,George Churchwell,54,11
00:10:43.450,11s,David Mantica--Co-host!!!,193,36
00:10:55.220,2s,David Mantica--Co-host!!!,30,5
00:10:57.730,7s,David Mantica--Co-host!!!,129,22
00:11:04.180,2s,David Mantica--Co-host!!!,24,4
00:11:06.410,4s,George Churchwell,52,11
00:11:10.380,10s,George Churchwell,161,31
00:11:21.510,11s,George Churchwell,189,41
00:11:32.920,5s,George Churchwell,88,19
00:11:38.110,5s,George Churchwell,49,10
00:11:43.840,6s,George Churchwell,91,19
00:11:50.180,1s,George Churchwell,17,4
00:11:52.020,4s,George Churchwell,93,20
00:11:57.010,2s,George Churchwell,23,5
00:11:59.490,16s,George Churchwell,282,51
00:12:16.040,5s,George Churchwell,97,19
00:12:21.860,2s,George Churchwell,26,6
00:12:23.790,5s,George Churchwell,87,21
00:12:28.650,5s,George Churchwell,35,7
00:12:33.330,2s,George Churchwell,24,5
00:12:35.740,4s,George Churchwell,58,11
00:12:40.010,2s,George Churchwell,21,4
00:12:42.450,5s,George Churchwell,80,17
00:12:49.232,2s,George Churchwell,35,4
00:12:52.040,9s,George Churchwell,122,19
00:13:02.190,9s,George Churchwell,116,21
00:13:11.730,2s,George Churchwell,30,6
00:13:14.670,1s,George Churchwell,3,1
00:13:15.870,6s,George Churchwell,87,19
00:13:21.890,10s,George Churchwell,147,30
00:13:31.300,5s,George Churchwell,78,15
00:13:36.770,4s,George Churchwell,46,9
00:13:41.860,2s,George Churchwell,13,3
00:13:44.010,2s,George Churchwell,18,4
00:13:47.070,2s,George Churchwell,19,4
00:13:49.610,2s,George Churchwell,8,2
00:13:51.260,3s,George Churchwell,32,6
00:13:54.670,3s,George Churchwell,31,7
00:13:57.890,5s,George Churchwell,58,14
00:14:04.620,2s,George Churchwell,23,5
00:14:07.650,2s,George Churchwell,22,4
00:14:11.300,2s,George Churchwell,24,6
00:14:14.210,2s,George Churchwell,14,2
00:14:16.550,2s,George Churchwell,16,4
00:14:18.530,3s,George Churchwell,32,7
00:14:21.760,8s,George Churchwell,109,22
00:14:29.560,5s,George Churchwell,93,16
00:14:34.660,2s,George Churchwell,25,6
00:14:37.240,3s,George Churchwell,43,8
00:14:40.600,2s,George Churchwell,24,4
00:14:44.000,1s,George Churchwell,4,1
00:14:45.320,2s,George Churchwell,17,3
00:14:48.150,2s,George Churchwell,38,8
00:14:52.260,2s,George Churchwell,26,5
00:14:54.630,1s,George Churchwell,6,2
00:14:56.730,3s,George Churchwell,24,5
00:15:00.230,2s,George Churchwell,32,7
00:15:02.910,2s,George Churchwell,16,4
00:15:04.800,6s,George Churchwell,91,17
00:15:10.830,4s,George Churchwell,69,14
00:15:14.890,3s,George Churchwell,34,7
00:15:17.940,5s,George Churchwell,49,10
00:15:23.360,3s,George Churchwell,37,7
00:15:27.170,6s,George Churchwell,60,12
00:15:34.910,3s,George Churchwell,39,6
00:15:38.030,2s,George Churchwell,27,4
00:15:40.840,5s,George Churchwell,59,10
00:15:46.480,3s,George Churchwell,25,6
00:15:49.340,2s,George Churchwell,3,1
00:15:51.610,3s,George Churchwell,22,4
00:15:54.290,3s,George Churchwell,18,4
00:15:57.760,4s,George Churchwell,49,9
00:16:01.570,4s,George Churchwell,42,9
00:16:08.150,1s,George Churchwell,26,4
00:16:11.850,1s,David Mantica--Co-host!!!,14,3
00:16:13.520,8s,David Mantica--Co-host!!!,143,27
00:16:21.120,1s,David Mantica--Co-host!!!,20,4
00:16:22.710,2s,George - PMI Emerald Coast Fl,32,6
00:16:25.140,0s,George Churchwell,4,1
00:16:25.840,8s,George - PMI Emerald Coast Fl,108,24
00:16:33.760,5s,George - PMI Emerald Coast Fl,74,14
00:16:38.610,2s,George Churchwell,24,5
00:16:41.180,2s,George Churchwell,35,7
00:16:43.360,2s,George Churchwell,15,4
00:16:46.760,2s,George Churchwell,7,2
00:16:49.170,1s,George Churchwell,3,1
00:16:51.090,1s,George Churchwell,9,2
00:16:52.090,1s,David Mantica--Co-host!!!,34,8
00:16:53.780,2s,George Churchwell,15,3
00:16:55.870,3s,David Mantica--Co-host!!!,73,14
00:17:02.816,2s,George Churchwell,15,2
00:17:05.369,1s,George Churchwell,7,2
00:17:06.670,2s,George Churchwell,13,2
00:17:09.180,2s,George Churchwell,31,8
00:17:12.460,2s,George Churchwell,36,8
00:17:17.020,2s,George Churchwell,40,9
00:17:22.680,2s,George Churchwell,20,5
00:17:27.569,5s,George Churchwell,65,12
00:17:33.580,3s,George Churchwell,19,4
00:17:36.220,2s,George Churchwell,40,9
00:17:40.810,1s,George - PMI Emerald Coast Fl,5,1
00:17:42.090,1s,George Churchwell,12,3
00:17:43.740,1s,George Churchwell,11,3
00:17:45.000,5s,George Churchwell,60,13
00:17:51.260,1s,George - PMI Emerald Coast Fl,18,3
00:17:52.460,11s,George Churchwell,154,31
00:18:03.450,3s,George Churchwell,49,10
00:18:07.040,2s,George Churchwell,28,8
00:18:09.570,4s,George Churchwell,43,7
00:18:13.570,10s,George Churchwell,108,18
00:18:23.620,4s,George Churchwell,31,7
00:18:27.670,1s,George Churchwell,11,3
00:18:29.010,1s,George Churchwell,15,4
00:18:31.850,3s,George Churchwell,45,10
00:18:35.836,1s,George Churchwell,6,1
00:18:37.450,1s,George Churchwell,11,1
00:18:43.180,2s,George Churchwell,27,5
00:18:48.030,4s,George Churchwell,76,16
00:18:53.990,3s,George Churchwell,20,5
00:18:56.960,1s,George Churchwell,2,1
00:19:01.360,7s,George Churchwell,100,22
00:19:09.380,1s,George - PMI Emerald Coast Fl,23,4
00:19:17.530,1s,George Churchwell,19,2
00:19:21.360,11s,George - PMI Emerald Coast Fl,189,34
00:19:32.580,5s,George - PMI Emerald Coast Fl,75,15
00:19:37.820,3s,George Churchwell,32,7
00:19:41.312,2s,George Churchwell,13,3
00:19:43.870,2s,George Churchwell,12,2
00:19:45.710,3s,George Churchwell,29,5
00:19:48.780,2s,George Churchwell,15,4
00:19:51.190,8s,George Churchwell,124,25
00:20:00.090,2s,George Churchwell,30,7
00:20:03.620,2s,George Churchwell,14,3
00:20:05.450,1s,George Churchwell,11,2
00:20:07.250,8s,George Churchwell,104,20
00:20:15.730,7s,George Churchwell,97,19
00:20:22.790,4s,George Churchwell,39,8
00:20:26.910,8s,George Churchwell,107,19
00:20:35.340,2s,George Churchwell,18,4
00:20:38.190,8s,George Churchwell,101,19
00:20:47.260,2s,George Churchwell,37,8
00:20:49.790,5s,George Churchwell,94,17
00:20:55.060,2s,George Churchwell,18,4
00:20:57.940,3s,George Churchwell,21,3
00:21:01.130,1s,George Churchwell,22,3
00:21:05.860,1s,George - PMI Emerald Coast Fl,10,2
00:21:08.430,2s,George Churchwell,32,5
00:21:10.210,17s,David Mantica--Co-host!!!,291,57
00:21:27.290,3s,David Mantica--Co-host!!!,56,11
00:21:30.450,6s,Lara Hill,80,14
00:21:37.030,2s,David Mantica--Co-host!!!,14,2
00:21:39.820,9s,George Churchwell,133,23
00:21:48.970,8s,George Churchwell,70,15
00:21:56.110,1s,George Churchwell,22,4
00:21:57.300,2s,David Mantica--Co-host!!!,83,16
00:21:59.940,2s,George Churchwell,15,3
00:22:01.390,8s,George Churchwell,105,24
00:22:10.030,5s,George Churchwell,101,20
00:22:16.110,8s,Lara Hill,114,21
00:22:24.550,5s,Lara Hill,74,10
00:22:29.880,25s,Lara Hill,465,88
00:22:55.080,15s,Lara Hill,235,48
00:23:10.910,2s,David Mantica--Co-host!!!,23,4
00:23:13.175,1s,Cris Casey,12,3
00:23:15.350,0s,Michael Wolf,5,1
00:23:15.980,2s,Cris Casey,19,4
00:23:17.150,1s,Lara Hill,31,5
00:23:18.780,1s,Michael Wolf,13,2
00:23:19.980,2s,Lara Hill,35,7
00:23:21.670,6s,Cris Casey,49,9
00:23:27.730,2s,David Mantica--Co-host!!!,30,6
00:23:29.480,0s,Cris Casey,4,1
00:23:29.870,1s,Michael Wolf,3,1
00:23:30.270,1s,George Churchwell,15,4
00:23:31.200,6s,Cris Casey,70,14
00:23:37.620,1s,Cris Casey,5,1
00:23:38.610,24s,Cris Casey,330,57
00:24:02.660,8s,Cris Casey,99,19
00:24:11.330,5s,Cris Casey,90,16
00:24:17.350,1s,Cris Casey,5,1
00:24:18.570,3s,Cris Casey,28,6
00:24:21.500,4s,Cris Casey,27,6
00:24:25.460,7s,Cris Casey,75,14
00:24:32.460,2s,Cris Casey,8,2
00:24:34.730,9s,Cris Casey,145,27
00:24:44.190,2s,Cris Casey,24,3
00:24:46.500,10s,Cris Casey,79,13
00:24:56.080,6s,Cris Casey,67,12
00:25:02.900,4s,Cris Casey,33,6
00:25:06.970,3s,Cris Casey,28,7
00:25:10.030,1s,Cris Casey,23,6
00:25:11.720,2s,George Churchwell,25,4
00:25:13.280,0s,Michael Wolf,17,2
00:25:13.930,2s,Cris Casey,14,4
00:25:15.710,1s,Michael Wolf,5,1
00:25:16.100,3s,Cris Casey,38,9
00:25:19.280,1s,George Churchwell,13,3
00:25:20.280,0s,Cris Casey,14,2
00:25:20.910,5s,David Mantica--Co-host!!!,80,14
00:25:25.060,0s,George Churchwell,13,3
00:25:25.770,2s,Cris Casey,27,4
00:25:27.770,14s,George Churchwell,202,33
00:25:41.880,7s,George Churchwell,88,19
00:25:48.330,19s,George Churchwell,297,55
00:26:07.702,3s,George Churchwell,46,10
00:26:10.930,2s,Cris Casey,18,2
00:26:12.480,9s,George Churchwell,153,30
00:26:22.220,22s,George Churchwell,389,74
00:26:45.320,3s,George Churchwell,48,9
00:26:48.370,1s,David Mantica--Co-host!!!,5,1
00:26:49.080,1s,George Churchwell,13,3
00:26:50.120,2s,David Mantica--Co-host!!!,34,6
00:26:52.330,2s,Michael Wolf,26,4
00:26:54.020,8s,David Mantica--Co-host!!!,99,18
00:27:02.520,0s,George Churchwell,3,1
00:27:03.080,22s,David Mantica--Co-host!!!,393,73
00:27:25.890,13s,George Churchwell,198,40
00:27:38.160,4s,George Churchwell,69,14
00:27:42.340,8s,George Churchwell,130,26
00:27:50.130,13s,David Mantica--Co-host!!!,229,41
00:28:03.940,5s,Loyd Thompson,71,15
00:28:08.970,8s,Loyd Thompson,137,28
00:28:17.270,5s,Loyd Thompson,92,18
00:28:23.860,7s,Loyd Thompson,104,18
00:28:31.790,4s,Loyd Thompson,65,9
00:28:35.850,4s,Loyd Thompson,40,8
00:28:39.800,6s,Loyd Thompson,85,13
00:28:45.230,0s,George Churchwell,5,1
00:28:46.250,10s,Loyd Thompson,134,23
00:28:57.140,4s,Loyd Thompson,35,7
00:29:01.890,2s,Loyd Thompson,15,4
00:29:03.740,4s,Loyd Thompson,44,9
00:29:07.640,11s,Loyd Thompson,161,28
00:29:19.490,5s,Loyd Thompson,44,9
00:29:24.120,25s,Loyd Thompson,392,75
00:29:50.460,1s,Loyd Thompson,15,4
00:29:51.920,3s,David Mantica--Co-host!!!,68,13
00:29:54.820,1s,George Churchwell,4,1
00:29:56.920,3s,Loyd Thompson,62,10
00:29:59.810,6s,Loyd Thompson,93,18
00:30:05.600,3s,George Churchwell,40,8
00:30:11.720,1s,Loyd Thompson,9,2
00:30:12.750,1s,Michael Wolf,11,2
00:30:13.660,4s,George Churchwell,62,12
00:30:17.620,10s,George Churchwell,152,27
00:30:27.970,15s,David Mantica--Co-host!!!,246,49
00:30:42.720,4s,David Mantica--Co-host!!!,44,10
00:30:47.000,22s,David Mantica--Co-host!!!,355,62
00:31:09.680,3s,David Mantica--Co-host!!!,47,9
00:31:12.240,7s,David Mantica--Co-host!!!,141,27
00:31:19.940,6s,Cris Casey,52,8
00:31:25.360,11s,Cris Casey,93,17
00:31:36.960,15s,Cris Casey,169,34
00:31:51.190,15s,Cris Casey,200,42
00:32:06.910,25s,Cris Casey,361,68
00:32:31.700,12s,Cris Casey,129,26
00:32:43.380,7s,George Churchwell,123,22
00:32:50.600,7s,George Churchwell,117,23
00:32:57.970,2s,George Churchwell,13,4
00:32:59.660,4s,George Churchwell,53,10
00:33:03.690,3s,George Churchwell,36,7
00:33:06.380,4s,George Churchwell,72,12
00:33:10.950,4s,George Churchwell,36,8
00:33:14.480,10s,George Churchwell,184,36
00:33:24.750,3s,George Churchwell,25,5
00:33:27.990,4s,David Mantica--Co-host!!!,83,16
00:33:32.120,0s,David Mantica--Co-host!!!,7,1
00:33:32.900,17s,David Mantica--Co-host!!!,245,48
00:33:49.720,9s,David Mantica--Co-host!!!,189,35
00:33:58.540,30s,Chris Knotts,376,71
00:34:28.310,2s,David Mantica--Co-host!!!,44,7
00:34:30.159,6s,Chris Knotts,77,16
00:34:36.589,2s,Chris Knotts,23,4
00:34:38.679,1s,David Mantica--Co-host!!!,11,3
00:34:40.170,29s,Chris Knotts,394,79
00:35:09.070,25s,Chris Knotts,362,67
00:35:34.030,26s,Chris Knotts,381,77
00:36:00.370,24s,Chris Knotts,329,67
00:36:24.390,10s,Chris Knotts,196,40
00:36:35.000,19s,Chris Knotts,348,67
00:36:54.940,25s,Chris Knotts,397,77
00:37:19.850,24s,Chris Knotts,390,72
00:37:43.830,25s,Chris Knotts,410,73
00:38:08.650,23s,Chris Knotts,372,71
00:38:31.415,10s,Chris Knotts,166,31
00:38:43.280,24s,Chris Knotts,377,69
00:39:07.930,11s,Chris Knotts,153,26
00:39:18.970,25s,Chris Knotts,355,61
00:39:43.860,15s,Chris Knotts,275,54
00:39:58.560,9s,Chris Knotts,115,22
00:40:07.870,28s,Chris Knotts,390,73
00:40:35.740,19s,Chris Knotts,308,59
00:40:55.560,16s,Chris Knotts,257,46
00:41:11.730,24s,Chris Knotts,393,81
00:41:35.880,26s,Chris Knotts,415,71
00:42:01.649,7s,Chris Knotts,103,19
00:42:08.780,25s,Chris Knotts,365,68
00:42:33.000,7s,Chris Knotts,137,25
00:42:40.190,24s,Chris Knotts,405,76
00:43:04.970,11s,Chris Knotts,144,23
00:43:15.560,7s,Chris Knotts,125,23
00:43:22.970,24s,Chris Knotts,392,71
00:43:46.960,16s,Chris Knotts,270,50
00:44:02.660,24s,Chris Knotts,387,77
00:44:26.860,21s,Chris Knotts,373,75
00:44:47.630,20s,Chris Knotts,320,57
00:45:07.390,24s,Chris Knotts,322,59
00:45:31.640,25s,Chris Knotts,437,88
00:45:56.380,28s,Chris Knotts,446,85
00:46:24.600,29s,Chris Knotts,528,108
00:46:54.159,24s,Chris Knotts,462,85
00:47:18.800,25s,Chris Knotts,474,88
00:47:43.260,12s,Chris Knotts,218,41
00:47:56.116,16s,Chris Knotts,272,57
00:48:12.410,25s,Chris Knotts,393,83
00:48:37.370,12s,Chris Knotts,186,38
00:48:49.360,25s,Chris Knotts,398,72
00:49:14.270,15s,Chris Knotts,220,43
00:49:29.080,23s,Chris Knotts,381,77
00:49:52.985,25s,Chris Knotts,398,73
00:50:17.390,3s,Chris Knotts,45,9
00:50:20.350,23s,Chris Knotts,363,78
00:50:43.860,25s,Chris Knotts,394,68
00:51:08.310,2s,Chris Knotts,36,7
00:51:10.460,24s,Chris Knotts,353,66
00:51:34.350,23s,Chris Knotts,386,73
00:51:57.980,9s,Chris Knotts,142,27
00:52:06.880,25s,Chris Knotts,370,68
00:52:31.250,23s,Chris Knotts,380,80
00:52:54.450,20s,Chris Knotts,417,84
00:53:14.790,20s,Chris Knotts,280,57
00:53:34.070,24s,Chris Knotts,282,51
00:53:58.500,28s,Chris Knotts,512,102
00:54:27.370,20s,Chris Knotts,307,54
00:54:47.940,27s,Chris Knotts,466,94
00:55:14.410,9s,Chris Knotts,171,35
00:55:23.280,24s,Chris Knotts,401,75
00:55:47.760,21s,Chris Knotts,321,68
00:56:08.730,24s,Chris Knotts,460,92
00:56:32.280,7s,Chris Knotts,76,16
00:56:39.537,4s,Chris Knotts,64,13
00:56:44.130,24s,Chris Knotts,304,56
00:57:08.954,14s,Chris Knotts,215,44
00:57:24.100,24s,Chris Knotts,447,76
00:57:48.650,10s,Chris Knotts,144,24
00:57:58.210,25s,Chris Knotts,342,63
00:58:23.190,10s,Chris Knotts,172,33
00:58:33.280,25s,Chris Knotts,415,83
00:58:58.180,16s,Chris Knotts,279,52
00:59:14.350,3s,David Mantica--Co-host!!!,65,14
00:59:17.680,1s,Chris Knotts,5,1
00:59:18.280,1s,David Mantica--Co-host!!!,23,3
00:59:20.530,7s,David Mantica--Co-host!!!,106,23
00:59:28.110,3s,Chris Knotts,69,14
00:59:31.170,14s,David Mantica--Co-host!!!,235,48
00:59:45.030,23s,Chris Knotts,364,71
01:00:08.110,24s,Chris Knotts,394,71
01:00:32.840,23s,Chris Knotts,452,85
01:00:55.850,25s,Chris Knotts,411,79
01:01:20.690,9s,Chris Knotts,151,28
01:01:29.310,5s,Chris Knotts,72,16
01:01:34.610,23s,Chris Knotts,431,79
01:01:57.130,24s,Chris Knotts,413,75
01:02:21.490,6s,Chris Knotts,96,21
01:02:27.480,20s,Chris Knotts,381,68
01:02:47.860,24s,Chris Knotts,381,78
01:03:11.580,25s,Chris Knotts,411,76
01:03:36.340,1s,Chris Knotts,19,3
01:03:38.130,3s,Chris Knotts,42,7
01:03:41.080,24s,Chris Knotts,439,85
01:04:06.230,18s,Chris Knotts,240,46
01:04:24.520,19s,Chris Knotts,222,38
01:04:44.030,18s,Chris Knotts,320,57
01:05:02.353,14s,Chris Knotts,231,46
01:05:18.640,10s,Chris Knotts,129,25
01:05:29.045,19s,Chris Knotts,255,50
01:05:49.640,25s,Chris Knotts,427,80
01:06:14.310,25s,Chris Knotts,382,72
01:06:39.210,26s,Chris Knotts,464,90
01:07:06.260,9s,Chris Knotts,167,28
01:07:15.900,15s,David Mantica--Co-host!!!,259,49
01:07:31.283,15s,Chris Knotts,305,62
01:07:46.200,6s,David Mantica--Co-host!!!,118,24
01:07:52.630,1s,Chris Knotts,19,3
01:07:53.690,2s,David Mantica--Co-host!!!,26,5
01:07:55.650,2s,Chris Knotts,39,7
01:07:57.320,5s,David Mantica--Co-host!!!,94,17
01:08:02.080,2s,Chris Knotts,33,5
01:08:04.010,8s,David Mantica--Co-host!!!,168,28
01:08:12.560,17s,Chris Knotts,298,62
01:08:29.370,25s,Chris Knotts,343,57
01:08:54.310,25s,Chris Knotts,408,74
01:09:19.220,25s,Chris Knotts,367,63
01:09:44.992,7s,Chris Knotts,132,25
01:09:51.550,0s,David Mantica--Co-host!!!,8,2
01:09:51.920,1s,Chris Knotts,14,3
01:09:52.790,9s,David Mantica--Co-host!!!,159,26
01:10:01.530,9s,David Mantica--Co-host!!!,178,34
01:10:11.547,7s,Chris Knotts,113,21
01:10:18.620,24s,Chris Knotts,434,78
01:10:42.220,25s,Chris Knotts,471,87
01:11:07.420,9s,David Mantica--Co-host!!!,192,40
01:11:16.850,3s,David Mantica--Co-host!!!,36,8
01:11:19.990,4s,Chris Knotts,63,13
01:11:23.170,0s,David Mantica--Co-host!!!,16,3
01:11:23.750,2s,Chris Knotts,34,8
01:11:25.810,1s,David Mantica--Co-host!!!,12,2
01:11:26.790,1s,Chris Knotts,5,1
01:11:27.170,3s,George Churchwell,45,7
01:11:31.120,25s,Chris Knotts,399,72
01:11:56.600,24s,Chris Knotts,383,70
01:12:20.600,18s,Chris Knotts,290,58
01:12:38.890,24s,Chris Knotts,434,83
01:13:02.210,4s,Chris Knotts,69,15
01:13:07.040,22s,Chris Knotts,386,79
01:13:32.180,3s,Chris Knotts,37,7
01:13:36.730,10s,Chris Knotts,144,25
01:13:47.140,21s,Chris Knotts,320,61
01:14:10.005,6s,Chris Knotts,70,16
01:14:16.670,3s,Chris Knotts,56,12
01:14:19.010,1s,David Mantica--Co-host!!!,28,6
01:14:20.720,21s,Chris Knotts,371,69
01:14:41.980,19s,Chris Knotts,332,65
01:15:02.650,29s,Chris Knotts,464,85
01:15:31.830,8s,Chris Knotts,114,25
01:15:40.040,3s,Chris Knotts,72,17
01:15:43.900,1s,Chris Knotts,5,1
01:15:45.670,3s,Chris Knotts,40,7
01:15:49.550,3s,Chris Knotts,16,3
01:15:52.840,2s,Chris Knotts,31,8
01:15:57.590,18s,Chris Knotts,250,52
01:16:15.550,1s,Chris Knotts,5,1
01:16:26.640,11s,Chris Knotts,149,31
01:16:37.460,2s,Chris Knotts,20,3
01:16:39.880,3s,Chris Knotts,35,8
01:16:42.970,3s,Chris Knotts,17,3
01:16:47.420,2s,Chris Knotts,16,5
01:16:50.181,6s,Chris Knotts,119,26
01:16:57.110,2s,Chris Knotts,38,8
01:16:59.220,12s,Chris Knotts,174,33
01:17:11.970,25s,Chris Knotts,408,78
01:17:36.750,22s,Chris Knotts,344,70
01:17:58.050,15s,Chris Knotts,254,47
01:18:13.540,23s,Chris Knotts,416,78
01:18:36.993,8s,Chris Knotts,114,21
01:18:44.110,13s,David Mantica--Co-host!!!,265,53
01:18:57.210,23s,Chris Knotts,389,73
01:19:20.786,15s,Chris Knotts,190,37
01:19:35.796,30s,Chris Knotts,452,85
01:20:05.390,1s,Chris Knotts,10,2
01:20:08.020,5s,Chris Knotts,76,15
01:20:14.013,7s,Chris Knotts,108,24
01:20:21.420,3s,Chris Knotts,60,14
01:20:27.920,4s,Lara Hill,58,9
01:20:31.390,2s,Chris Knotts,50,12
01:20:33.450,2s,Lara Hill,32,7
01:20:35.900,1s,Chris Knotts,12,2
01:20:36.380,4s,Lara Hill,81,17
01:20:40.590,4s,Chris Knotts,38,7
01:20:44.180,3s,David Mantica--Co-host!!!,59,14
01:20:47.920,2s,David Mantica--Co-host!!!,25,6
01:20:49.070,1s,Chris Knotts,25,4
01:20:50.580,2s,David Mantica--Co-host!!!,14,4
01:20:52.890,1s,Chris Knotts,16,4
01:20:53.770,7s,David Mantica--Co-host!!!,98,16
01:21:00.720,2s,Chris Knotts,22,4
01:21:02.550,15s,Chris Knotts,267,52
01:21:17.630,17s,Chris Knotts,226,43
01:21:34.110,1s,Chris Knotts,9,1
01:21:42.770,4s,Chris Knotts,33,5
01:21:46.980,7s,Chris Knotts,48,8
01:21:53.110,25s,Chris Knotts,396,74
01:22:18.090,14s,Chris Knotts,217,39
01:22:32.260,6s,David Mantica--Co-host!!!,89,16
01:22:38.270,7s,Chris Knotts,155,28
01:22:45.730,5s,David Mantica--Co-host!!!,90,16
01:22:50.680,5s,Chris Knotts,61,11
01:22:55.400,7s,Chris Knotts,112,16
01:23:02.360,1s,Chris Knotts,7,1
01:23:04.320,1s,Chris Knotts,10,2
01:23:07.255,1s,Chris Knotts,5,1
01:23:08.400,2s,Chris Knotts,16,4
01:23:11.120,2s,Chris Knotts,29,6
01:23:13.750,1s,Chris Knotts,3,1
01:23:14.270,2s,David Mantica--Co-host!!!,26,6
01:23:16.400,2s,David Mantica--Co-host!!!,43,8
01:23:18.710,2s,Chris Knotts,44,8
01:23:20.950,6s,David Mantica--Co-host!!!,101,18
01:23:26.470,6s,Chris Knotts,141,29
01:23:32.770,2s,David Mantica--Co-host!!!,27,6
01:23:34.980,15s,Chris Knotts,253,44
01:23:49.980,3s,David Mantica--Co-host!!!,52,9
01:23:52.380,11s,Chris Knotts,214,34
01:24:03.840,5s,Chris Knotts,30,6
01:24:08.640,2s,Chris Knotts,14,4
01:24:11.067,8s,Chris Knotts,98,20
01:24:20.490,2s,Chris Knotts,15,3
01:24:23.190,2s,Chris Knotts,19,2
01:24:25.580,5s,Chris Knotts,41,9
01:24:31.480,1s,Chris Knotts,14,2
01:24:33.490,24s,Chris Knotts,501,90
01:24:57.890,25s,Chris Knotts,466,89
01:25:22.790,8s,Chris Knotts,134,26
01:25:32.010,0s,David Mantica--Co-host!!!,5,1
01:25:33.100,13s,David Mantica--Co-host!!!,220,40
01:25:46.760,1s,David Mantica--Co-host!!!,20,4
01:25:47.640,1s,Chris Knotts,4,1
01:25:48.460,11s,David Mantica--Co-host!!!,218,43
01:25:59.650,27s,Chris Knotts,358,64
01:26:26.350,21s,Chris Knotts,377,73
01:26:47.870,1s,David Mantica--Co-host!!!,5,1
01:26:48.930,21s,David Mantica--Co-host!!!,400,75
01:27:09.870,13s,David Mantica--Co-host!!!,227,44
01:27:22.970,18s,Lara Hill,247,47
01:27:42.400,4s,Lara Hill,53,10
01:27:46.840,27s,Lara Hill,395,75
01:28:13.050,23s,Lara Hill,358,67
01:28:36.730,10s,Marc Balcer,155,29
01:28:46.840,3s,Marc Balcer,31,7
01:28:49.490,4s,Marc Balcer,49,9
01:28:53.465,9s,Marc Balcer,135,27
01:29:02.790,4s,David Mantica--Co-host!!!,44,8
01:29:06.605,5s,Marc Balcer,49,10
01:29:11.830,2s,David Mantica--Co-host!!!,14,3
01:29:13.290,7s,Michael Wolf,128,26
01:29:20.630,14s,Michael Wolf,230,45
01:29:34.890,8s,Marc Balcer,117,23
01:29:43.578,2s,Marc Balcer,20,4
01:29:47.760,1s,Marc Balcer,24,4
01:29:48.870,4s,David Mantica--Co-host!!!,68,14
01:29:53.560,2s,David Mantica--Co-host!!!,41,9
01:29:55.430,3s,Chris Knotts,43,8
01:29:58.610,1s,David Mantica--Co-host!!!,18,4
01:29:59.580,6s,Chris Knotts,133,27
01:30:05.510,2s,Marc Balcer,14,2
01:30:07.240,1s,Marc Balcer,8,2
01:30:09.349,8s,Marc Balcer,92,20
01:30:17.630,11s,Marc Balcer,195,34
01:30:29.050,17s,Marc Balcer,217,38
01:30:46.270,24s,Marc Balcer,340,70
01:31:10.260,20s,Marc Balcer,361,65
01:31:30.140,4s,Marc Balcer,46,9
01:31:34.380,5s,Marc Balcer,88,18
01:31:40.110,7s,Marc Balcer,108,21
01:31:48.917,8s,Marc Balcer,107,21
01:31:56.816,5s,Marc Balcer,48,11
01:32:02.450,4s,Marc Balcer,48,10
01:32:06.600,4s,Marc Balcer,47,11
01:32:10.890,2s,Marc Balcer,14,3
01:32:13.440,1s,Marc Balcer,21,5
01:32:15.830,4s,Marc Balcer,48,10
01:32:20.240,1s,Marc Balcer,10,3
01:32:22.320,11s,Marc Balcer,156,27
01:32:34.160,1s,Marc Balcer,9,2
01:32:36.160,23s,Marc Balcer,347,67
01:33:00.310,2s,Marc Balcer,21,5
01:33:03.510,1s,Marc Balcer,22,4
01:33:07.250,1s,Marc Balcer,3,1
01:33:09.000,1s,Marc Balcer,17,3
01:33:11.610,4s,Marc Balcer,54,12
01:33:16.150,1s,Marc Balcer,5,1
01:33:17.930,9s,Marc Balcer,156,32
01:33:27.540,1s,Marc Balcer,5,1
01:33:29.010,3s,Marc Balcer,40,9
01:33:32.640,2s,Marc Balcer,18,4
01:33:34.740,1s,Marc Balcer,9,2
01:33:35.680,8s,Marc Balcer,87,16
01:33:43.490,6s,Marc Balcer,98,16
01:33:52.510,1s,Marc Balcer,6,1
01:33:54.550,1s,Marc Balcer,23,6
01:33:56.690,2s,Marc Balcer,25,6
01:34:00.120,1s,Marc Balcer,13,4
01:34:02.160,1s,Marc Balcer,5,1
01:34:03.500,1s,Marc Balcer,2,1
01:34:05.240,5s,Marc Balcer,104,21
01:34:11.492,4s,Marc Balcer,33,6
01:34:15.060,10s,Marc Balcer,141,23
01:34:25.710,10s,Marc Balcer,116,24
01:34:35.510,12s,Marc Balcer,208,41
01:34:48.330,8s,Marc Balcer,193,40
01:34:57.020,1s,Marc Balcer,15,4
01:34:58.330,26s,Marc Balcer,431,80
01:35:25.380,6s,Marc Balcer,117,26
01:35:31.220,4s,Marc Balcer,67,11
01:35:36.396,7s,Marc Balcer,101,20
01:35:44.027,8s,Marc Balcer,151,31
01:35:52.070,3s,Marc Balcer,41,9
01:35:55.940,2s,Marc Balcer,20,3
01:35:58.130,7s,Marc Balcer,119,24
01:36:05.830,1s,Marc Balcer,8,1
01:36:07.060,1s,Marc Balcer,27,4
01:36:08.920,4s,Marc Balcer,51,11
01:36:13.200,8s,Marc Balcer,141,23
01:36:22.710,5s,Marc Balcer,88,15
01:36:28.060,23s,Marc Balcer,424,73
01:36:52.110,0s,Marc Balcer,5,1
01:36:53.180,1s,Marc Balcer,14,3
01:36:54.550,3s,Marc Balcer,20,5
01:36:57.550,2s,Marc Balcer,22,3
01:37:00.070,2s,Marc Balcer,39,7
01:37:03.481,8s,Marc Balcer,105,21
01:37:11.310,4s,Marc Balcer,76,13
01:37:16.180,5s,Marc Balcer,83,16
01:37:22.370,1s,Marc Balcer,10,2
01:37:24.110,3s,Marc Balcer,47,9
01:37:27.370,2s,Marc Balcer,34,7
01:37:30.060,2s,Marc Balcer,35,7
01:37:32.310,4s,Marc Balcer,58,10
01:37:36.100,2s,Marc Balcer,48,10
01:37:38.990,1s,Marc Balcer,6,1
01:37:40.762,2s,Marc Balcer,20,4
01:37:43.010,4s,Marc Balcer,73,17
01:37:49.030,18s,Marc Balcer,280,57
01:38:07.230,6s,Marc Balcer,125,21
01:38:14.245,3s,Marc Balcer,37,8
01:38:17.580,3s,Marc Balcer,31,7
01:38:20.620,11s,Marc Balcer,151,28
01:38:31.610,5s,Marc Balcer,92,18
01:38:37.460,2s,Marc Balcer,41,8
01:38:39.930,5s,Marc Balcer,68,14
01:38:44.120,9s,Marc Balcer,137,26
01:38:53.930,5s,Marc Balcer,47,8
01:38:59.560,1s,Marc Balcer,3,1
01:39:02.850,17s,Marc Balcer,268,53
01:39:19.050,2s,Marc Balcer,34,9
01:39:22.190,1s,Marc Balcer,8,2
01:39:23.470,1s,Marc Balcer,3,1
01:39:25.630,1s,Marc Balcer,2,1
01:39:26.960,9s,Marc Balcer,161,30
01:39:36.017,1s,Marc Balcer,11,3
01:39:38.780,4s,Marc Balcer,68,14
01:39:43.270,6s,Marc Balcer,98,21
01:39:50.130,1s,Marc Balcer,27,5
01:39:51.980,2s,Marc Balcer,16,3
01:39:53.920,1s,Marc Balcer,4,1
01:39:54.950,4s,Marc Balcer,59,12
01:39:59.730,3s,Marc Balcer,27,6
01:40:02.420,6s,Marc Balcer,90,15
01:40:09.070,16s,Marc Balcer,247,44
01:40:26.060,2s,Marc Balcer,26,4
01:40:28.840,15s,Marc Balcer,233,39
01:40:43.980,12s,Marc Balcer,209,41
01:40:56.240,2s,Marc Balcer,31,8
01:40:58.420,9s,Marc Balcer,137,24
01:41:07.600,6s,Marc Balcer,106,20
01:41:13.980,2s,Marc Balcer,13,3
01:41:15.790,6s,Marc Balcer,63,14
01:41:22.100,1s,Marc Balcer,31,7
01:41:25.020,5s,Marc Balcer,100,17
01:41:30.740,1s,Marc Balcer,6,1
01:41:31.770,2s,Marc Balcer,6,2
01:41:34.080,2s,Marc Balcer,35,7
01:41:36.210,5s,Marc Balcer,99,18
01:41:42.260,7s,Marc Balcer,91,16
01:41:49.340,6s,Marc Balcer,86,15
01:41:55.440,1s,Marc Balcer,2,1
01:41:57.160,21s,Marc Balcer,295,57
01:42:18.350,1s,Marc Balcer,5,1
01:42:20.200,4s,Marc Balcer,65,13
01:42:26.310,1s,Marc Balcer,6,2
01:42:28.090,1s,Marc Balcer,20,5
01:42:32.770,4s,Marc Balcer,31,6
01:42:37.450,22s,Marc Balcer,362,66
01:42:59.630,1s,Marc Balcer,4,1
01:43:00.680,8s,Marc Balcer,96,21
01:43:08.270,1s,Marc Balcer,7,2
01:43:11.530,7s,Marc Balcer,70,13
01:43:18.625,9s,Marc Balcer,99,20
01:43:29.580,2s,Marc Balcer,18,3
01:43:31.890,7s,Marc Balcer,94,19
01:43:38.740,19s,Marc Balcer,239,44
01:43:57.510,1s,Marc Balcer,8,2
01:43:58.960,2s,Marc Balcer,3,1
01:44:00.020,6s,Marc Balcer,96,14
01:44:06.780,7s,Marc Balcer,85,16
01:44:13.690,20s,Marc Balcer,284,51
01:44:33.800,6s,Marc Balcer,94,19
01:44:40.110,18s,Marc Balcer,284,55
01:44:59.140,3s,Marc Balcer,53,10
01:45:02.640,6s,Marc Balcer,83,18
01:45:08.580,7s,Marc Balcer,88,19
01:45:15.610,11s,Marc Balcer,179,33
01:45:26.820,3s,Marc Balcer,62,13
01:45:30.020,18s,Marc Balcer,239,42
01:45:48.510,4s,Marc Balcer,64,14
01:45:52.907,6s,Marc Balcer,57,10
01:45:58.500,3s,Marc Balcer,37,9
01:46:01.550,17s,Marc Balcer,204,40
01:46:18.090,6s,Marc Balcer,77,11
01:46:24.320,1s,Marc Balcer,22,5
01:46:26.230,4s,Marc Balcer,92,18
01:46:30.380,10s,Marc Balcer,136,27
01:46:41.500,6s,Marc Balcer,108,21
01:46:48.050,7s,Marc Balcer,140,26
01:46:55.750,5s,Marc Balcer,64,12
01:47:00.670,3s,Marc Balcer,29,4
01:47:03.420,4s,Marc Balcer,48,10
01:47:07.940,5s,Marc Balcer,47,8
01:47:12.540,1s,Marc Balcer,5,1
01:47:13.580,9s,Marc Balcer,128,24
01:47:24.080,0s,Marc Balcer,5,1
01:47:25.130,5s,Marc Balcer,76,17
01:47:30.290,5s,Marc Balcer,68,14
01:47:36.370,2s,Marc Balcer,33,6
01:47:40.360,2s,Marc Balcer,26,5
01:47:44.740,1s,Marc Balcer,10,2
01:47:45.930,4s,Marc Balcer,44,10
01:47:49.220,3s,Marc Balcer,58,11
01:47:53.120,3s,Marc Balcer,48,8
01:47:56.910,3s,Marc Balcer,39,8
01:47:59.270,13s,Marc Balcer,214,40
01:48:12.430,16s,Marc Balcer,252,45
01:48:29.370,10s,Marc Balcer,182,34
01:48:39.970,6s,Marc Balcer,124,25
01:48:47.390,9s,Marc Balcer,168,33
01:48:56.780,2s,Marc Balcer,13,4
01:48:58.470,1s,Marc Balcer,12,2
01:49:00.150,2s,Marc Balcer,19,5
01:49:02.770,4s,Marc Balcer,39,9
01:49:06.650,6s,Marc Balcer,78,14
01:49:14.150,7s,Marc Balcer,111,17
01:49:21.350,12s,Marc Balcer,206,37
01:49:33.980,16s,Marc Balcer,227,42
01:49:49.360,2s,Marc Balcer,21,3
01:49:51.100,6s,Marc Balcer,75,14
01:49:57.660,3s,Marc Balcer,40,9
01:50:00.700,4s,Marc Balcer,55,8
01:50:05.230,4s,Marc Balcer,63,13
01:50:09.870,6s,Marc Balcer,92,18
01:50:15.410,3s,Marc Balcer,77,15
01:50:19.900,1s,Marc Balcer,4,1
01:50:22.350,1s,Marc Balcer,27,6
01:50:24.870,2s,Marc Balcer,13,3
01:50:26.670,7s,Marc Balcer,104,20
01:50:33.760,5s,Marc Balcer,55,10
01:50:38.560,1s,Marc Balcer,9,2
01:50:39.660,3s,Marc Balcer,35,7
01:50:43.380,8s,Marc Balcer,144,25
01:50:51.940,4s,Marc Balcer,31,8
01:50:55.450,3s,Marc Balcer,44,8
01:50:58.970,12s,Marc Balcer,156,25
01:51:13.490,1s,Marc Balcer,8,2
01:51:15.090,0s,Marc Balcer,5,1
01:51:16.420,6s,Marc Balcer,99,16
01:51:22.630,12s,Marc Balcer,164,32
01:51:34.320,16s,Marc Balcer,255,49
01:51:50.230,22s,Marc Balcer,331,58
01:52:12.140,6s,Marc Balcer,116,23
01:52:19.170,8s,Marc Balcer,156,31
01:52:28.000,9s,Marc Balcer,150,25
01:52:37.770,1s,Marc Balcer,5,1
01:52:38.850,1s,Marc Balcer,5,1
01:52:39.870,4s,Marc Balcer,61,13
01:52:43.670,5s,Marc Balcer,83,17
01:52:48.490,13s,Marc Balcer,165,31
01:53:01.350,5s,Marc Balcer,69,11
01:53:06.100,11s,Marc Balcer,200,38
01:53:17.820,7s,Marc Balcer,114,20
01:53:24.890,8s,Marc Balcer,124,21
01:53:33.320,1s,Marc Balcer,2,1
01:53:34.460,3s,Marc Balcer,33,6
01:53:38.780,1s,Marc Balcer,6,1
01:53:39.920,3s,Marc Balcer,29,7
01:53:43.717,2s,Marc Balcer,13,3
01:53:45.630,2s,Marc Balcer,28,7
01:53:47.700,3s,Marc Balcer,32,7
01:53:52.250,2s,Marc Balcer,16,2
01:53:54.520,2s,Marc Balcer,23,5
01:53:57.600,3s,Marc Balcer,35,8
01:54:00.240,1s,Marc Balcer,2,1
01:54:02.760,1s,Marc Balcer,11,3
01:54:05.070,2s,Marc Balcer,34,7
01:54:07.750,2s,Marc Balcer,33,4
01:54:10.210,3s,Marc Balcer,28,5
01:54:13.940,1s,Marc Balcer,6,1
01:54:14.880,1s,Marc Balcer,9,2
01:54:16.649,8s,Marc Balcer,125,26
01:54:24.730,3s,Marc Balcer,35,7
01:54:27.280,7s,Marc Balcer,151,32
01:54:34.850,18s,Marc Balcer,272,46
01:54:53.020,7s,Marc Balcer,120,22
01:55:01.400,11s,Marc Balcer,149,29
01:55:13.610,7s,Marc Balcer,130,24
01:55:21.270,1s,Marc Balcer,2,1
01:55:22.310,16s,Marc Balcer,204,42
01:55:38.320,9s,Marc Balcer,123,23
01:55:47.970,1s,Marc Balcer,5,1
01:55:49.110,6s,Marc Balcer,88,18
01:55:55.430,19s,Marc Balcer,254,44
01:56:14.740,30s,Marc Balcer,447,84
01:56:44.560,2s,Marc Balcer,15,3
01:56:46.450,19s,Marc Balcer,295,46
01:57:06.030,0s,Marc Balcer,6,1
01:57:07.340,1s,Marc Balcer,18,4
01:57:08.920,8s,Marc Balcer,110,19
01:57:17.885,1s,Marc Balcer,2,1
01:57:20.590,4s,Marc Balcer,80,14
01:57:24.819,9s,Marc Balcer,127,22
01:57:33.640,4s,Marc Balcer,71,14
01:57:38.100,16s,Marc Balcer,288,53
01:57:54.910,1s,Marc Balcer,2,1
01:57:56.162,2s,Marc Balcer,37,7
01:57:59.900,5s,Lara Hill,85,14
01:58:04.340,1s,David Mantica--Co-host!!!,18,4
01:58:05.380,2s,Lara Hill,36,6
01:58:07.700,4s,David Mantica--Co-host!!!,63,12
01:58:12.520,1s,Lara Hill,24,5
01:58:14.120,1s,David Mantica--Co-host!!!,22,4
01:58:15.260,0s,Marc Balcer,3,1
01:58:16.370,7s,David Mantica--Co-host!!!,138,28
01:58:23.240,2s,Marc Balcer,34,7
01:58:25.680,1s,David Mantica--Co-host!!!,5,1
01:58:26.130,2s,Marc Balcer,38,7
01:58:28.140,2s,David Mantica--Co-host!!!,38,6
01:58:30.420,5s,Marc Balcer,83,18
01:58:35.410,5s,David Mantica--Co-host!!!,59,12
01:58:40.810,1s,Marc Balcer,15,3
01:58:41.720,7s,David Mantica--Co-host!!!,117,21
01:58:48.250,5s,David Mantica--Co-host!!!,80,18
01:58:53.750,14s,Lara Hill,150,35
01:59:07.350,5s,David Mantica--Co-host!!!,76,17
01:59:12.650,3s,David Mantica--Co-host!!!,59,11
01:59:15.840,2s,David Mantica--Co-host!!!,16,3
01:59:19.250,7s,Lara Hill,149,26
01:59:27.190,0s,David Mantica--Co-host!!!,5,1
01:59:27.620,1s,Michael Wolf,9,2
01:59:28.210,1s,David Mantica--Co-host!!!,9,2
01:59:29.030,2s,Michael Wolf,43,8
01:59:31.660,1s,Lara Hill,3,1
01:59:33.790,5s,David Mantica--Co-host!!!,37,7
01:59:39.090,0s,Michael Wolf,3,1
01:59:40.680,4s,David Mantica--Co-host!!!,64,12
01:59:44.710,3s,Michael Wolf,86,15
01:59:47.930,5s,David Mantica--Co-host!!!,69,12
01:59:52.430,4s,Michael Wolf,67,15
01:59:56.730,4s,David Mantica--Co-host!!!,33,6
02:00:01.820,1s,David Mantica--Co-host!!!,16,4
02:00:02.540,1s,Michael Wolf,14,3
02:00:03.170,0s,David Mantica--Co-host!!!,11,1
02:00:04.120,1s,Michael Wolf,32,6
02:00:05.960,6s,David Mantica--Co-host!!!,105,20
02:00:11.360,6s,David Mantica--Co-host!!!,119,23
02:00:18.820,6s,Michael Wolf,95,15
02:00:24.980,2s,David Mantica--Co-host!!!,18,4
02:00:26.370,2s,Michael Wolf,23,4
02:00:28.100,3s,David Mantica--Co-host!!!,48,10
02:00:31.370,4s,David Mantica--Co-host!!!,73,15
02:00:36.120,1s,David Mantica--Co-host!!!,18,4
02:00:37.610,4s,Michael Wolf,45,8
02:00:42.430,2s,David Mantica--Co-host!!!,19,5
02:00:44.080,3s,Michael Wolf,63,14
02:00:48.870,1s,David Mantica--Co-host!!!,18,4
02:00:55.620,4s,Jonathan Stephens (he/him),47,9
02:00:59.900,1s,David Mantica--Co-host!!!,10,2
02:01:01.260,1s,David Mantica--Co-host!!!,10,2
02:01:04.070,4s,David Mantica--Co-host!!!,55,10
02:01:08.920,5s,David Mantica--Co-host!!!,34,7
02:01:13.500,5s,David Mantica--Co-host!!!,92,18
02:01:18.260,5s,David Mantica--Co-host!!!,55,12
02:01:27.460,1s,David Mantica--Co-host!!!,13,3
02:01:37.710,3s,David Mantica--Co-host!!!,42,7
02:01:41.350,1s,Lara Hill,8,1
02:01:44.680,4s,Lara Hill,53,12
02:01:48.280,1s,Lara Hill,6,2
02:01:50.560,3s,Lara Hill,28,5
02:01:54.610,2s,Lara Hill,23,5
02:02:01.630,17s,Lara Hill,230,46
02:02:18.850,5s,Lara Hill,73,13
02:02:23.760,2s,David Mantica--Co-host!!!,26,5
02:02:26.450,5s,David Mantica--Co-host!!!,121,19
02:02:33.890,1s,Lara Hill,15,3
02:02:34.420,4s,David Mantica--Co-host!!!,105,19
02:02:38.790,4s,David Mantica--Co-host!!!,61,10
02:02:42.710,5s,David Mantica--Co-host!!!,94,15
02:02:47.790,5s,David Mantica--Co-host!!!,104,18
02:02:55.710,1s,David Mantica--Co-host!!!,3,1
02:02:57.760,5s,David Mantica--Co-host!!!,52,9
02:03:02.550,3s,Lara Hill,52,11
02:03:05.100,2s,David Mantica--Co-host!!!,32,7
02:03:08.270,1s,Lara Hill,21,4
02:03:09.700,2s,David Mantica--Co-host!!!,18,4
02:03:11.520,2s,Lara Hill,34,7
02:03:13.320,5s,David Mantica--Co-host!!!,65,13
02:03:19.470,4s,David Mantica--Co-host!!!,9,2
02:03:23.730,1s,Lara Hill,3,1
02:03:24.380,3s,David Mantica--Co-host!!!,40,9
02:03:27.140,1s,Om Hashmi,40,8
02:03:29.540,1s,David Mantica--Co-host!!!,12,3
02:03:30.380,3s,Lara Hill,55,11
02:03:33.620,1s,Om Hashmi,17,2
02:03:36.290,2s,David Mantica--Co-host!!!,32,6
02:03:38.730,3s,David Mantica--Co-host!!!,60,10
02:03:43.640,1s,David Mantica--Co-host!!!,4,1
02:03:45.100,1s,David Mantica--Co-host!!!,6,1
02:03:46.910,3s,David Mantica--Co-host!!!,45,8
02:03:50.220,3s,Lara Hill,54,10
02:03:54.070,1s,Lara Hill,4,1
02:03:56.090,4s,Lara Hill,72,12
02:04:02.690,6s,Lara Hill,75,15
02:04:08.210,1s,David Mantica--Co-host!!!,20,3
02:04:09.130,4s,Lara Hill,72,15
02:04:24.400,2s,David Mantica--Co-host!!!,12,3
02:04:26.650,2s,David Mantica--Co-host!!!,19,4
02:04:28.390,2s,David Mantica--Co-host!!!,29,5
02:04:31.140,4s,David Mantica--Co-host!!!,76,12
02:04:51.530,2s,David Mantica--Co-host!!!,22,4
02:04:53.700,4s,David Mantica--Co-host!!!,54,10
02:04:57.610,2s,David Mantica--Co-host!!!,20,3
02:04:59.940,6s,Lara Hill,93,14
02:05:05.540,0s,David Mantica--Co-host!!!,6,1
02:05:05.940,1s,Lara Hill,15,2
02:05:07.440,4s,David Mantica--Co-host!!!,85,15
02:05:13.090,4s,David Mantica--Co-host!!!,89,17
02:05:17.390,3s,Lara Hill,77,14
02:05:20.760,1s,David Mantica--Co-host!!!,13,2
02:05:21.850,4s,Lara Hill,69,14
02:05:25.730,2s,Jonathan Stephens (he/him),25,3
02:05:28.880,2s,David Mantica--Co-host!!!,22,4
02:05:31.390,5s,Jonathan Stephens (he/him),68,16
02:05:36.030,5s,David Mantica--Co-host!!!,99,16
02:05:42.510,3s,David Mantica--Co-host!!!,47,9
02:05:45.810,8s,David Mantica--Co-host!!!,133,25
02:05:53.020,0s,Lara Hill,14,3
02:05:53.690,1s,David Mantica--Co-host!!!,10,2
02:05:54.200,0s,Lara Hill,8,1
02:05:54.520,4s,David Mantica--Co-host!!!,49,11
02:05:58.780,3s,Lara Hill,50,8
02:06:02.220,5s,David Mantica--Co-host!!!,106,22
02:06:07.620,5s,David Mantica--Co-host!!!,74,14
02:06:12.930,2s,David Mantica--Co-host!!!,23,5
02:06:16.890,8s,David Mantica--Co-host!!!,113,23
02:06:26.480,5s,David Mantica--Co-host!!!,71,11
02:06:33.750,1s,David Mantica--Co-host!!!,22,4
02:06:34.450,4s,Lara Hill,94,17
02:06:38.360,9s,David Mantica--Co-host!!!,160,30
02:06:47.600,2s,David Mantica--Co-host!!!,36,7
02:06:50.390,2s,David Mantica--Co-host!!!,8,1
02:06:52.370,5s,David Mantica--Co-host!!!,85,15
02:06:57.550,3s,Lara Hill,75,12
02:07:00.400,5s,David Mantica--Co-host!!!,70,11
02:07:05.730,1s,Lara Hill,12,2
02:07:07.380,1s,David Mantica--Co-host!!!,10,2
02:07:08.060,0s,Lara Hill,5,1
02:07:08.660,13s,David Mantica--Co-host!!!,248,52
02:07:21.530,3s,David Mantica--Co-host!!!,38,7
02:07:24.690,4s,David Mantica--Co-host!!!,61,10
02:07:28.240,7s,Lara Hill,118,25
02:07:35.240,0s,David Mantica--Co-host!!!,12,2
02:07:35.840,5s,Michael Wolf,59,13
02:07:40.460,3s,Michael Wolf,44,9
02:07:44.260,7s,Michael Wolf,151,33
02:07:52.890,2s,Michael Wolf,22,5
02:07:54.740,1s,Michael Wolf,15,3
02:07:55.860,4s,David Mantica--Co-host!!!,74,11
02:07:59.540,1s,Lara Hill,7,2
02:08:00.500,3s,David Mantica--Co-host!!!,73,12
02:08:03.860,1s,Michael Wolf,7,2
02:08:04.630,2s,David Mantica--Co-host!!!,31,8
02:08:06.580,3s,Michael Wolf,37,7
02:08:10.380,0s,Michael Wolf,5,1
02:08:10.960,3s,David Mantica--Co-host!!!,12,4
02:08:14.000,9s,David Mantica--Co-host!!!,196,36
02:08:23.890,2s,David Mantica--Co-host!!!,13,2
02:08:25.830,7s,David Mantica--Co-host!!!,138,26
02:08:32.820,10s,Lara Hill,148,27
02:08:42.340,1s,Om Hashmi,36,8
02:08:44.440,1s,David Mantica--Co-host!!!,11,3
02:08:45.300,1s,Lara Hill,14,2
02:08:46.440,1s,Om Hashmi,25,3
02:08:47.140,2s,Lara Hill,34,9
02:08:49.010,0s,Om Hashmi,5,1
02:08:49.700,1s,Lara Hill,17,3
02:08:50.610,10s,Om Hashmi,186,35
02:09:02.345,2s,Om Hashmi,11,2
02:09:06.440,6s,Om Hashmi,82,19
02:09:14.050,4s,Om Hashmi,63,9
02:09:18.540,3s,Om Hashmi,38,9
02:09:21.470,5s,Om Hashmi,44,8
02:09:27.280,2s,Om Hashmi,20,5
02:09:30.640,4s,Om Hashmi,82,15
02:09:34.470,5s,Om Hashmi,72,13
02:09:40.130,6s,Om Hashmi,111,19
02:09:46.920,3s,Om Hashmi,41,7
02:09:51.860,4s,Om Hashmi,67,14
02:09:56.420,1s,Om Hashmi,9,2
02:09:57.770,1s,Om Hashmi,12,3
02:09:59.220,4s,Om Hashmi,49,7
02:10:03.530,2s,Om Hashmi,11,2
02:10:05.530,4s,Om Hashmi,24,6
02:10:10.170,5s,Om Hashmi,37,7
02:10:15.230,5s,Om Hashmi,75,12
02:10:20.820,1s,Om Hashmi,5,1
02:10:21.970,2s,Om Hashmi,17,3
02:10:25.780,2s,Om Hashmi,16,4
02:10:27.940,3s,Om Hashmi,33,6
02:10:30.740,3s,Om Hashmi,49,10
02:10:33.540,5s,Om Hashmi,75,14
02:10:38.140,1s,Om Hashmi,11,2
02:10:40.310,1s,Om Hashmi,8,1
02:10:41.570,2s,Om Hashmi,46,8
02:10:44.190,1s,Om Hashmi,13,3
02:10:45.770,3s,Om Hashmi,29,6
02:10:48.870,4s,Om Hashmi,61,10
02:10:53.430,10s,Om Hashmi,188,31
02:11:04.650,8s,Om Hashmi,122,24
02:11:12.760,5s,Om Hashmi,45,7
02:11:17.170,5s,Om Hashmi,76,12
02:11:22.640,3s,Om Hashmi,47,9
02:11:25.920,2s,David Mantica--Co-host!!!,9,2
02:11:27.060,4s,Om Hashmi,51,8
02:11:32.020,8s,Om Hashmi,97,15
02:11:40.180,1s,Om Hashmi,11,2
02:11:42.190,4s,Om Hashmi,61,10
02:11:46.950,4s,Om Hashmi,65,13
02:11:51.080,6s,Om Hashmi,86,14
02:11:57.390,5s,Om Hashmi,72,13
02:12:05.020,16s,Om Hashmi,269,48
02:12:21.550,6s,Om Hashmi,100,20
02:12:28.450,3s,Om Hashmi,34,7
02:12:31.550,4s,Om Hashmi,83,17
02:12:35.960,2s,Om Hashmi,20,3
02:12:37.640,2s,Om Hashmi,40,8
02:12:39.890,3s,Om Hashmi,55,11
02:12:46.760,2s,David Mantica--Co-host!!!,14,3
02:12:49.250,4s,David Mantica--Co-host!!!,67,13
02:12:54.143,5s,David Mantica--Co-host!!!,92,15
02:12:59.440,2s,Om Hashmi,22,4
02:13:01.570,9s,Om Hashmi,118,18
02:13:10.240,4s,Om Hashmi,55,9
02:13:15.430,7s,David Mantica--Co-host!!!,122,22
02:13:22.610,1s,Om Hashmi,17,3
02:13:24.340,2s,David Mantica--Co-host!!!,42,8
02:13:26.750,8s,Om Hashmi,159,27
02:13:34.770,6s,Om Hashmi,66,11
02:13:40.630,2s,Om Hashmi,20,4
02:13:42.820,5s,Om Hashmi,66,14
02:13:47.580,5s,Om Hashmi,74,11
02:13:53.510,1s,Om Hashmi,17,4
02:13:55.110,2s,David Mantica--Co-host!!!,36,7
02:13:57.530,2s,Om Hashmi,23,4
02:13:59.030,0s,David Mantica--Co-host!!!,19,3
02:14:00.590,2s,Om Hashmi,30,7
02:14:03.060,1s,Om Hashmi,26,5
02:14:06.240,9s,Om Hashmi,155,30
02:14:15.750,6s,Om Hashmi,114,18
02:14:21.810,6s,Om Hashmi,82,8
02:14:27.690,3s,Om Hashmi,37,9
02:14:30.750,3s,Om Hashmi,44,8
02:14:33.540,8s,Om Hashmi,141,20
02:14:41.350,2s,Om Hashmi,22,4
02:14:43.430,9s,Om Hashmi,143,24
02:14:52.710,12s,Om Hashmi,186,37
02:15:04.150,1s,Om Hashmi,8,1
02:15:05.450,4s,Om Hashmi,70,12
02:15:10.850,7s,Om Hashmi,105,19
02:15:17.900,2s,Om Hashmi,15,3
02:15:20.010,8s,Om Hashmi,124,23
02:15:28.360,4s,Om Hashmi,44,8
02:15:32.560,3s,Om Hashmi,16,5
02:15:36.170,6s,Om Hashmi,100,18
02:15:43.090,5s,Om Hashmi,83,17
02:15:49.250,8s,David Mantica--Co-host!!!,153,29
02:15:57.780,1s,Om Hashmi,13,3
02:15:58.860,4s,Om Hashmi,71,16
02:16:02.820,2s,Om Hashmi,17,2
02:16:04.560,4s,David Mantica--Co-host!!!,67,17
02:16:08.780,2s,Om Hashmi,27,6
02:16:10.720,1s,David Mantica--Co-host!!!,12,2
02:16:12.310,1s,Om Hashmi,34,7
02:16:15.570,2s,David Mantica--Co-host!!!,40,7
02:16:17.380,0s,Om Hashmi,8,1
02:16:18.790,6s,Om Hashmi,78,17
02:16:24.290,2s,Om Hashmi,27,8
02:16:27.250,4s,Om Hashmi,89,19
02:16:31.640,1s,Om Hashmi,15,3
02:16:35.580,1s,Om Hashmi,13,2
02:16:36.860,2s,Om Hashmi,31,5
02:16:38.959,2s,Om Hashmi,18,2
02:16:41.770,3s,David Mantica--Co-host!!!,44,5
02:16:44.490,4s,Om Hashmi,65,10
02:16:48.870,3s,David Mantica--Co-host!!!,34,5
02:16:51.370,3s,Om Hashmi,39,7
02:16:54.170,3s,Om Hashmi,41,6
02:16:57.090,1s,David Mantica--Co-host!!!,14,4
02:16:58.580,1s,Om Hashmi,14,4
02:16:59.980,2s,Om Hashmi,36,5
02:17:02.660,3s,Om Hashmi,59,12
02:17:05.600,3s,Om Hashmi,52,11
02:17:08.490,1s,David Mantica--Co-host!!!,22,4
02:17:09.540,5s,Om Hashmi,70,10
02:17:14.540,7s,Om Hashmi,99,19
02:17:21.809,7s,Om Hashmi,118,21
02:17:29.020,0s,Om Hashmi,10,2
02:17:30.680,2s,Om Hashmi,33,6
02:17:33.549,4s,Om Hashmi,68,10
02:17:38.010,3s,Om Hashmi,35,7
02:17:41.190,1s,Om Hashmi,20,4
02:17:43.120,3s,Om Hashmi,49,9
02:17:47.100,3s,Om Hashmi,65,13
02:17:50.559,10s,Om Hashmi,173,34
02:18:00.549,1s,Om Hashmi,10,2
02:18:01.820,8s,Om Hashmi,119,17
02:18:10.290,10s,Om Hashmi,160,26
02:18:21.080,1s,Om Hashmi,14,2
02:18:23.709,4s,Om Hashmi,49,9
02:18:28.170,3s,Om Hashmi,39,7
02:18:31.700,4s,Om Hashmi,41,7
02:18:35.770,4s,Om Hashmi,76,15
02:18:39.930,1s,Om Hashmi,3,1
02:18:41.520,1s,Om Hashmi,9,2
02:18:43.290,2s,Om Hashmi,36,9
02:18:45.780,6s,Om Hashmi,113,15
02:18:51.980,8s,Om Hashmi,146,26
02:18:59.690,5s,Om Hashmi,64,10
02:19:04.590,4s,Om Hashmi,53,7
02:19:08.780,3s,Om Hashmi,41,9
02:19:12.139,2s,Om Hashmi,23,4
02:19:15.299,4s,Om Hashmi,60,10
02:19:19.610,4s,David Mantica--Co-host!!!,61,10
02:19:23.760,10s,Om Hashmi,153,24
02:19:33.850,4s,Om Hashmi,60,11
02:19:37.820,7s,Om Hashmi,83,15
02:19:44.090,2s,Om Hashmi,34,8
02:19:49.880,1s,Om Hashmi,3,1
02:19:50.590,1s,David Mantica--Co-host!!!,10,2
02:19:51.650,18s,Om Hashmi,349,63
02:20:09.600,4s,Om Hashmi,57,8
02:20:13.370,8s,Om Hashmi,177,35
02:20:21.830,6s,Om Hashmi,81,13
02:20:27.640,6s,Om Hashmi,68,14
02:20:33.210,3s,Om Hashmi,53,8
02:20:37.400,1s,Om Hashmi,9,2
02:20:38.870,3s,Om Hashmi,35,9
02:20:41.580,1s,Om Hashmi,12,3
02:20:43.610,15s,Om Hashmi,285,44
02:20:58.340,3s,Om Hashmi,29,5
02:21:01.740,5s,Om Hashmi,66,9
02:21:06.100,5s,Om Hashmi,82,13
02:21:11.340,7s,Om Hashmi,117,20
02:21:18.880,6s,Om Hashmi,100,19
02:21:24.050,1s,Om Hashmi,12,2
02:21:25.580,4s,Om Hashmi,45,8
02:21:29.500,3s,Om Hashmi,26,3
02:21:32.330,5s,Om Hashmi,54,11
02:21:37.580,3s,Om Hashmi,43,8
02:21:40.440,6s,Om Hashmi,88,20
02:21:46.230,2s,Om Hashmi,43,8
02:21:49.040,5s,Om Hashmi,77,12
02:21:54.960,27s,Om Hashmi,441,82
02:22:21.610,4s,Om Hashmi,43,6
02:22:26.020,2s,Om Hashmi,29,4
02:22:32.100,1s,Om Hashmi,22,5
02:22:34.160,4s,Om Hashmi,80,16
02:22:39.630,4s,Om Hashmi,62,11
02:22:43.680,7s,Om Hashmi,128,20
02:22:50.330,4s,Om Hashmi,46,7
02:22:54.320,9s,Om Hashmi,161,28
02:23:04.340,1s,Om Hashmi,21,5
02:23:05.920,4s,Om Hashmi,81,16
02:23:10.400,13s,Om Hashmi,227,39
02:23:24.310,5s,Om Hashmi,98,17
02:23:29.200,3s,Om Hashmi,52,9
02:23:32.960,3s,Om Hashmi,53,9
02:23:36.070,3s,Om Hashmi,41,9
02:23:39.790,5s,Om Hashmi,55,12
02:23:44.640,1s,Om Hashmi,7,1
02:23:46.040,3s,Om Hashmi,52,10
02:23:50.090,4s,Om Hashmi,58,10
02:23:54.780,4s,Om Hashmi,48,9
02:23:58.790,3s,Om Hashmi,44,8
02:24:02.630,7s,Om Hashmi,93,20
02:24:09.900,10s,Om Hashmi,162,24
02:24:19.680,2s,Om Hashmi,30,5
02:24:21.880,6s,Om Hashmi,88,13
02:24:28.120,4s,Om Hashmi,69,11
02:24:41.620,2s,David Mantica--Co-host!!!,34,5
02:24:44.150,2s,Om Hashmi,37,7
02:24:46.580,1s,Om Hashmi,8,1
02:24:47.170,5s,David Mantica--Co-host!!!,61,10
02:24:52.990,3s,David Mantica--Co-host!!!,32,3
02:24:55.340,2s,Om Hashmi,39,4
02:24:58.150,1s,Srinath Kondabathini,23,3
02:25:00.090,2s,Om Hashmi,32,5
02:25:02.910,1s,David Mantica--Co-host!!!,6,1
02:25:04.810,11s,Om Hashmi,149,24
02:25:15.430,4s,Om Hashmi,58,12
02:25:20.200,2s,Om Hashmi,31,5
02:25:22.880,3s,Om Hashmi,36,8
02:25:26.340,5s,Om Hashmi,108,20
02:25:32.420,5s,Om Hashmi,85,19
02:25:37.400,7s,Om Hashmi,127,20
02:25:44.870,3s,Om Hashmi,33,5
02:25:48.160,5s,Om Hashmi,68,11
02:25:55.150,5s,Om Hashmi,81,16
02:26:01.130,7s,Om Hashmi,123,20
02:26:09.010,6s,Om Hashmi,87,15
02:26:15.500,2s,Om Hashmi,26,5
02:26:18.520,2s,Om Hashmi,25,5
02:26:21.160,3s,Om Hashmi,66,15
02:26:27.030,3s,Om Hashmi,30,7
02:26:31.000,3s,Om Hashmi,40,7
02:26:35.160,6s,Om Hashmi,94,17
02:26:41.850,5s,Om Hashmi,47,11
02:26:46.860,6s,Om Hashmi,110,21
02:26:52.780,8s,Om Hashmi,96,16
02:27:01.360,6s,Om Hashmi,75,11
02:27:07.930,2s,Om Hashmi,17,3
02:27:10.110,1s,Om Hashmi,20,3
02:27:12.140,2s,Om Hashmi,28,5
02:27:15.220,5s,Om Hashmi,67,13
02:27:20.410,6s,Om Hashmi,70,13
02:27:26.390,5s,Om Hashmi,97,20
02:27:31.930,7s,Om Hashmi,88,14
02:27:39.870,14s,Om Hashmi,246,43
02:27:54.250,2s,Om Hashmi,24,6
02:27:56.660,3s,Om Hashmi,21,4
02:27:59.260,2s,Om Hashmi,37,7
02:28:02.940,2s,Om Hashmi,22,4
02:28:05.140,6s,Om Hashmi,83,13
02:28:11.810,7s,Om Hashmi,113,13
02:28:18.820,5s,Om Hashmi,65,10
02:28:23.920,7s,Om Hashmi,120,19
02:28:31.160,2s,Om Hashmi,46,10
02:28:34.200,6s,Om Hashmi,103,21
02:28:40.330,15s,Om Hashmi,271,44
02:28:55.810,2s,Om Hashmi,32,4
02:28:57.960,3s,Om Hashmi,50,8
02:29:00.720,2s,Om Hashmi,23,4
02:29:02.680,1s,Om Hashmi,4,1
02:29:03.680,7s,Om Hashmi,96,18
02:29:10.180,18s,Om Hashmi,355,59
02:29:29.090,14s,Om Hashmi,237,37
02:29:43.370,2s,Om Hashmi,27,6
02:29:45.610,4s,Om Hashmi,96,17
02:29:50.110,3s,Om Hashmi,49,9
02:29:53.310,5s,Om Hashmi,53,8
02:29:58.840,4s,Om Hashmi,66,11
02:30:03.640,4s,Om Hashmi,73,11
02:30:07.450,9s,Om Hashmi,146,26
02:30:16.480,11s,Om Hashmi,159,24
02:30:27.180,3s,Om Hashmi,48,8
02:30:30.710,4s,Om Hashmi,57,7
02:30:34.300,4s,Om Hashmi,57,9
02:30:38.190,4s,Om Hashmi,80,13
02:30:43.660,7s,Om Hashmi,116,20
02:30:50.960,8s,Om Hashmi,104,22
02:30:59.100,6s,Om Hashmi,87,16
02:31:05.540,1s,Om Hashmi,2,1
02:31:06.600,2s,Om Hashmi,22,4
02:31:09.050,2s,Om Hashmi,40,7
02:31:11.590,7s,Om Hashmi,120,18
02:31:19.040,1s,Om Hashmi,11,2
02:31:20.530,6s,Om Hashmi,101,23
02:31:26.810,3s,Om Hashmi,26,5
02:31:29.280,4s,Om Hashmi,55,9
02:31:33.550,3s,Om Hashmi,52,9
02:31:36.920,5s,Om Hashmi,101,20
02:31:41.900,3s,Om Hashmi,27,5
02:31:44.980,10s,Om Hashmi,164,27
02:31:54.860,7s,Om Hashmi,110,22
02:32:01.910,4s,Om Hashmi,83,12
02:32:06.930,6s,Om Hashmi,71,11
02:32:12.130,5s,Om Hashmi,69,8
02:32:17.450,9s,Om Hashmi,160,30
02:32:26.560,4s,Om Hashmi,68,12
02:32:31.170,1s,Om Hashmi,27,5
02:32:33.350,4s,Om Hashmi,49,9
02:32:37.360,1s,Om Hashmi,9,2
02:32:38.890,6s,Om Hashmi,64,12
02:32:45.410,2s,Om Hashmi,22,3
02:32:48.480,4s,Om Hashmi,85,17
02:32:53.050,2s,Om Hashmi,33,8
02:32:55.700,4s,Om Hashmi,33,4
02:33:00.380,6s,Om Hashmi,84,13
02:33:06.470,4s,Om Hashmi,64,11
02:33:11.060,2s,Om Hashmi,34,6
02:33:13.730,2s,Om Hashmi,15,2
02:33:15.610,5s,Om Hashmi,71,11
02:33:20.920,6s,Om Hashmi,80,15
02:33:27.100,5s,Om Hashmi,78,15
02:33:32.810,4s,Om Hashmi,45,9
02:33:36.330,6s,Om Hashmi,79,11
02:33:43.560,1s,Om Hashmi,24,4
02:33:45.740,2s,Om Hashmi,21,5
02:33:48.200,9s,Om Hashmi,158,35
02:33:59.210,8s,Om Hashmi,121,21
02:34:07.820,10s,Om Hashmi,167,24
02:34:17.700,2s,Om Hashmi,28,4
02:34:19.840,4s,Om Hashmi,60,11
02:34:23.890,7s,Om Hashmi,72,11
02:34:30.680,8s,Om Hashmi,114,17
02:34:38.060,1s,Om Hashmi,11,2
02:34:39.690,4s,Om Hashmi,56,9
02:34:43.750,3s,Om Hashmi,45,9
02:34:46.960,1s,Om Hashmi,4,1
02:34:48.290,6s,Om Hashmi,83,15
02:34:54.820,4s,Om Hashmi,62,11
02:34:59.300,1s,Om Hashmi,10,2
02:35:01.810,5s,Om Hashmi,64,10
02:35:06.940,3s,Om Hashmi,36,6
02:35:10.030,5s,Om Hashmi,67,13
02:35:16.340,1s,Om Hashmi,10,1
02:35:17.700,3s,Om Hashmi,44,6
02:35:21.190,8s,Om Hashmi,132,27
02:35:30.050,9s,Om Hashmi,127,25
02:35:39.420,9s,Om Hashmi,139,25
02:35:48.590,2s,Om Hashmi,26,3
02:35:51.350,10s,Om Hashmi,163,25
02:36:03.120,5s,Om Hashmi,95,16
02:36:08.780,5s,Om Hashmi,116,22
02:36:14.230,12s,Om Hashmi,208,44
02:36:26.310,2s,Om Hashmi,37,8
02:36:28.500,7s,Om Hashmi,93,16
02:36:36.700,13s,Om Hashmi,216,41
02:36:49.270,10s,Om Hashmi,157,24
02:37:00.700,6s,Om Hashmi,76,13
02:37:07.930,3s,Om Hashmi,43,7
02:37:10.300,4s,Om Hashmi,55,10
02:37:15.060,1s,Om Hashmi,12,3
02:37:17.000,12s,Om Hashmi,233,42
02:37:31.980,2s,Om Hashmi,3,1
02:37:35.660,2s,Om Hashmi,31,3
02:37:38.340,1s,Om Hashmi,22,4
02:37:39.900,3s,Om Hashmi,39,7
02:37:42.970,3s,Om Hashmi,34,7
02:37:46.150,1s,Om Hashmi,8,2
02:37:48.600,8s,Om Hashmi,98,17
02:37:56.280,4s,Om Hashmi,59,9
02:38:00.740,10s,Om Hashmi,141,24
02:38:11.210,2s,Om Hashmi,41,6
02:38:14.120,1s,Om Hashmi,17,3
02:38:16.330,6s,Om Hashmi,77,13
02:38:23.060,4s,Om Hashmi,48,7
02:38:27.440,2s,Om Hashmi,19,3
02:38:30.010,11s,Om Hashmi,219,42
02:38:41.810,4s,Om Hashmi,65,13
02:38:45.580,3s,Om Hashmi,48,9
02:38:49.570,2s,Om Hashmi,33,6
02:38:51.490,2s,Om Hashmi,26,4
02:38:54.320,2s,Om Hashmi,39,4
02:38:56.880,6s,Om Hashmi,109,17
02:39:03.150,1s,Om Hashmi,16,3
02:39:04.720,2s,Om Hashmi,18,4
02:39:06.650,5s,Om Hashmi,92,15
02:39:12.640,3s,Om Hashmi,48,7
02:39:15.740,2s,Om Hashmi,35,6
02:39:18.350,1s,Om Hashmi,6,1
02:39:19.410,5s,Om Hashmi,78,15
02:39:24.940,5s,Om Hashmi,60,12
02:39:30.300,3s,Om Hashmi,32,6
02:39:33.310,5s,Om Hashmi,88,16
02:39:38.340,2s,Om Hashmi,48,9
02:39:41.240,5s,Om Hashmi,98,19
02:39:46.420,3s,Om Hashmi,43,6
02:39:49.530,3s,Om Hashmi,28,3
02:39:52.970,2s,Om Hashmi,12,1
02:39:54.710,11s,Om Hashmi,178,25
02:40:05.500,8s,Om Hashmi,121,21
02:40:13.500,1s,Om Hashmi,14,2
02:40:16.210,0s,Om Hashmi,2,1
02:40:19.660,7s,Om Hashmi,142,25
02:40:30.690,2s,Om Hashmi,25,4
02:40:35.240,4s,Om Hashmi,71,10
02:40:41.220,5s,Om Hashmi,70,11
02:40:46.560,4s,Om Hashmi,43,6
02:40:50.890,12s,Om Hashmi,199,33
02:41:04.140,5s,Om Hashmi,77,15
02:41:10.000,3s,Om Hashmi,60,12
02:41:13.350,14s,Om Hashmi,252,43
02:41:27.470,4s,Om Hashmi,77,14
02:41:31.870,2s,Om Hashmi,15,2
02:41:33.270,1s,Om Hashmi,16,3
02:41:34.970,5s,Om Hashmi,96,18
02:41:41.240,12s,Om Hashmi,230,40
02:41:53.600,5s,Om Hashmi,83,14
02:41:59.120,3s,Om Hashmi,53,13
02:42:03.560,2s,Om Hashmi,20,4
